claim_a_title,claim_a_text,claim_a_stance,claim_b_title,claim_b_text,claim_b_stance,cosine_similarity,relationship,confidence,explanation,evidence_weight
"Progress, Applications and Prospects of CRISPR-Based Genome Editing Technology in Gene Therapy for Cancer and Sickle Cell Disease","Here is the extracted information:

Claim: CRISPR/Cas9 has revolutionized molecular biology.
Stance: Support
Reason: The abstract states that CRISPR/Cas9 ""has revolutionized molecular biology"", indicating a positive and supportive tone.

Claim: Precision editing methods like base editing and prime editing can make targeted nucleotide changes without double-strand breaks.
Stance: Support
Reason: The abstract highlights these precision editing methods as key advancements in the field.

Claim: CRISPR-mediated gene therapy has potential to integrate with other molecular approaches to address unmet medical needs.
Stance: Neutral (but leaning towards Support)
Reason: The abstract discusses challenges and future directions, but also emphasizes the ""potential"" of CRISPR-mediated gene therapy.",support,Therapeutic applications of CRISPR-Cas9 gene editing,"Claim: CRISPR-Cas9 gene editing has therapeutic applications.
Stance: Support
Reason: The FDA approved the first CRISPR therapy in late 2023.",support,0.8711,AGREEMENT,0.9,Both claims support the therapeutic potential and applications of CRISPR/Cas9 gene editing technology.,5.75
CRISPR-Cas Systems in Targeted Drug Delivery and Gene Therapy: An Emerging Approach to Precision Medicine,"Here is the extracted information:

Claim: CRISPR-Cas systems can revolutionize targeted drug delivery and gene therapy.
Stance: Support
Reason: The abstract presents it as a transformative approach with significant promise for treating genetic disorders.",support,The revolution of clustered regularly interspaced short palindromic repeats -based therapies: From genetic diseases to cancer investigating how clustered regularly interspaced short palindromic repeats technology is being applied to treat genetic disorders and cancer,"Here is the extracted information:

Claim: CRISPR technology can revolutionize the treatment of genetic diseases and cancer.
Stance: Support
Reason: The abstract highlights the numerous promising applications and advancements in using CRISPR to treat various conditions.

Or, in a more concise version:

 Claim: CRISPR technology has therapeutic potential.
Stance: Support
Reason: It enables targeted genome editing with significant advancements.",support,0.8672,AGREEMENT,1.0,"Both claims support the therapeutic potential of CRISPR technology, highlighting its applications in targeted drug delivery and gene therapy for treating genetic disorders and cancer.",5.75
"Progress, Applications and Prospects of CRISPR-Based Genome Editing Technology in Gene Therapy for Cancer and Sickle Cell Disease","Here is the extracted information:

Claim: CRISPR/Cas9 has revolutionized molecular biology.
Stance: Support
Reason: The abstract states that CRISPR/Cas9 ""has revolutionized molecular biology"", indicating a positive and supportive tone.

Claim: Precision editing methods like base editing and prime editing can make targeted nucleotide changes without double-strand breaks.
Stance: Support
Reason: The abstract highlights these precision editing methods as key advancements in the field.

Claim: CRISPR-mediated gene therapy has potential to integrate with other molecular approaches to address unmet medical needs.
Stance: Neutral (but leaning towards Support)
Reason: The abstract discusses challenges and future directions, but also emphasizes the ""potential"" of CRISPR-mediated gene therapy.",support,Delivery approaches for CRISPR/Cas9 therapeutics in vivo: advances and challenges,"Claim: The CRISPR/Cas9 system holds promise as a therapeutic platform for many human genetic diseases.
Stance: Support
Reason: It provides a flexible approach to high-fidelity gene editing.

Claim: Translation of the CRISPR/Cas9 system to in vivo application is challenging.
Stance: Neutral
Reason: The statement simply acknowledges the hurdles, without taking a stance.

Claim: Carrier vehicles for transient approaches to CRISPR/Cas9 delivery are needed to overcome challenges.
Stance: Support
Reason: The development of such vehicles is emphasized as necessary.",support,0.8525,AGREEMENT,0.9,Both claims emphasize the potential and promise of CRISPR/Cas9 technology in addressing human genetic diseases.,5.75
Scientific Advancements in Gene Therapies: Opportunities for Global Regulatory Convergence,"Claim: Gene therapies need more equitable access globally.
Stance: Neutral
Reason: The abstract presents a summary of discussions at a workshop without taking a clear stance.

 Claim: CRISPR-based technologies have made significant progress in gene therapy.
Stance: Support
Reason: The text mentions ""breakthroughs"" in these technologies as an example of significant progress.",neutral,The revolution of clustered regularly interspaced short palindromic repeats -based therapies: From genetic diseases to cancer investigating how clustered regularly interspaced short palindromic repeats technology is being applied to treat genetic disorders and cancer,"Here is the extracted information:

Claim: CRISPR technology can revolutionize the treatment of genetic diseases and cancer.
Stance: Support
Reason: The abstract highlights the numerous promising applications and advancements in using CRISPR to treat various conditions.

Or, in a more concise version:

 Claim: CRISPR technology has therapeutic potential.
Stance: Support
Reason: It enables targeted genome editing with significant advancements.",support,0.8451,AGREEMENT,0.9,Claim A and Claim B both support the potential of CRISPR-based technologies in gene therapy.,5.75
CRISPR technology in human diseases,"Here are the extracted information:

Claim: Gene editing technology has great potential in treating a wide range of human diseases.
Stance: Support
Reason: The abstract highlights its therapeutic potential and application prospects in various human diseases.

Claim: CRISPR-based gene editing is a promising new strategy for gene therapy.
Stance: Support
Reason: The abstract describes it as ""capable of generating genetic modifications in somatic cells"" and having great application prospects.

Claim: Gene editing technology can be used to construct animal models of human diseases.
Stance: Neutral
Reason: This statement is more of a fact, describing an existing application of gene editing technology.",support,The revolution of clustered regularly interspaced short palindromic repeats -based therapies: From genetic diseases to cancer investigating how clustered regularly interspaced short palindromic repeats technology is being applied to treat genetic disorders and cancer,"Here is the extracted information:

Claim: CRISPR technology can revolutionize the treatment of genetic diseases and cancer.
Stance: Support
Reason: The abstract highlights the numerous promising applications and advancements in using CRISPR to treat various conditions.

Or, in a more concise version:

 Claim: CRISPR technology has therapeutic potential.
Stance: Support
Reason: It enables targeted genome editing with significant advancements.",support,0.8297,AGREEMENT,1.0,Both claims support the potential and applications of CRISPR technology in treating various diseases.,4.75
"Progress, Applications and Prospects of CRISPR-Based Genome Editing Technology in Gene Therapy for Cancer and Sickle Cell Disease","Here is the extracted information:

Claim: CRISPR/Cas9 has revolutionized molecular biology.
Stance: Support
Reason: The abstract states that CRISPR/Cas9 ""has revolutionized molecular biology"", indicating a positive and supportive tone.

Claim: Precision editing methods like base editing and prime editing can make targeted nucleotide changes without double-strand breaks.
Stance: Support
Reason: The abstract highlights these precision editing methods as key advancements in the field.

Claim: CRISPR-mediated gene therapy has potential to integrate with other molecular approaches to address unmet medical needs.
Stance: Neutral (but leaning towards Support)
Reason: The abstract discusses challenges and future directions, but also emphasizes the ""potential"" of CRISPR-mediated gene therapy.",support,The revolution of clustered regularly interspaced short palindromic repeats -based therapies: From genetic diseases to cancer investigating how clustered regularly interspaced short palindromic repeats technology is being applied to treat genetic disorders and cancer,"Here is the extracted information:

Claim: CRISPR technology can revolutionize the treatment of genetic diseases and cancer.
Stance: Support
Reason: The abstract highlights the numerous promising applications and advancements in using CRISPR to treat various conditions.

Or, in a more concise version:

 Claim: CRISPR technology has therapeutic potential.
Stance: Support
Reason: It enables targeted genome editing with significant advancements.",support,0.8287,AGREEMENT,0.9,Both claims support the therapeutic potential and advancements of CRISPR technology in treating genetic diseases and cancer.,5.75
"Progress, Applications and Prospects of CRISPR-Based Genome Editing Technology in Gene Therapy for Cancer and Sickle Cell Disease","Here is the extracted information:

Claim: CRISPR/Cas9 has revolutionized molecular biology.
Stance: Support
Reason: The abstract states that CRISPR/Cas9 ""has revolutionized molecular biology"", indicating a positive and supportive tone.

Claim: Precision editing methods like base editing and prime editing can make targeted nucleotide changes without double-strand breaks.
Stance: Support
Reason: The abstract highlights these precision editing methods as key advancements in the field.

Claim: CRISPR-mediated gene therapy has potential to integrate with other molecular approaches to address unmet medical needs.
Stance: Neutral (but leaning towards Support)
Reason: The abstract discusses challenges and future directions, but also emphasizes the ""potential"" of CRISPR-mediated gene therapy.",support,CRISPR-Cas Systems in Targeted Drug Delivery and Gene Therapy: An Emerging Approach to Precision Medicine,"Here is the extracted information:

Claim: CRISPR-Cas systems can revolutionize targeted drug delivery and gene therapy.
Stance: Support
Reason: The abstract presents it as a transformative approach with significant promise for treating genetic disorders.",support,0.8207,AGREEMENT,0.9,Both claims A and B express support for CRISPR/Cas technology's potential in revolutionizing gene therapy and addressing unmet medical needs.,4.0
"Progress, Applications and Prospects of CRISPR-Based Genome Editing Technology in Gene Therapy for Cancer and Sickle Cell Disease","Here is the extracted information:

Claim: CRISPR/Cas9 has revolutionized molecular biology.
Stance: Support
Reason: The abstract states that CRISPR/Cas9 ""has revolutionized molecular biology"", indicating a positive and supportive tone.

Claim: Precision editing methods like base editing and prime editing can make targeted nucleotide changes without double-strand breaks.
Stance: Support
Reason: The abstract highlights these precision editing methods as key advancements in the field.

Claim: CRISPR-mediated gene therapy has potential to integrate with other molecular approaches to address unmet medical needs.
Stance: Neutral (but leaning towards Support)
Reason: The abstract discusses challenges and future directions, but also emphasizes the ""potential"" of CRISPR-mediated gene therapy.",support,Scientific Advancements in Gene Therapies: Opportunities for Global Regulatory Convergence,"Claim: Gene therapies need more equitable access globally.
Stance: Neutral
Reason: The abstract presents a summary of discussions at a workshop without taking a clear stance.

 Claim: CRISPR-based technologies have made significant progress in gene therapy.
Stance: Support
Reason: The text mentions ""breakthroughs"" in these technologies as an example of significant progress.",neutral,0.8003,AGREEMENT,0.8,"Claim A supports the significant progress and potential of CRISPR-based technologies, which is also acknowledged in Claim B as breakthroughs",4.0
"Progress, Applications and Prospects of CRISPR-Based Genome Editing Technology in Gene Therapy for Cancer and Sickle Cell Disease","Here is the extracted information:

Claim: CRISPR/Cas9 has revolutionized molecular biology.
Stance: Support
Reason: The abstract states that CRISPR/Cas9 ""has revolutionized molecular biology"", indicating a positive and supportive tone.

Claim: Precision editing methods like base editing and prime editing can make targeted nucleotide changes without double-strand breaks.
Stance: Support
Reason: The abstract highlights these precision editing methods as key advancements in the field.

Claim: CRISPR-mediated gene therapy has potential to integrate with other molecular approaches to address unmet medical needs.
Stance: Neutral (but leaning towards Support)
Reason: The abstract discusses challenges and future directions, but also emphasizes the ""potential"" of CRISPR-mediated gene therapy.",support,CRISPR technology in human diseases,"Here are the extracted information:

Claim: Gene editing technology has great potential in treating a wide range of human diseases.
Stance: Support
Reason: The abstract highlights its therapeutic potential and application prospects in various human diseases.

Claim: CRISPR-based gene editing is a promising new strategy for gene therapy.
Stance: Support
Reason: The abstract describes it as ""capable of generating genetic modifications in somatic cells"" and having great application prospects.

Claim: Gene editing technology can be used to construct animal models of human diseases.
Stance: Neutral
Reason: This statement is more of a fact, describing an existing application of gene editing technology.",support,0.7974,AGREEMENT,0.9,Both claims express a positive and supportive tone towards CRISPR/Cas9 technology and its applications in gene therapy.,3.0
CRISPR-Cas Systems in Targeted Drug Delivery and Gene Therapy: An Emerging Approach to Precision Medicine,"Here is the extracted information:

Claim: CRISPR-Cas systems can revolutionize targeted drug delivery and gene therapy.
Stance: Support
Reason: The abstract presents it as a transformative approach with significant promise for treating genetic disorders.",support,Therapeutic applications of CRISPR-Cas9 gene editing,"Claim: CRISPR-Cas9 gene editing has therapeutic applications.
Stance: Support
Reason: The FDA approved the first CRISPR therapy in late 2023.",support,0.7947,AGREEMENT,0.9,"Both claims support the therapeutic potential of CRISPR-Cas systems, with one citing its transformative approach and the other referencing its FDA approval.",5.75
Delivery approaches for CRISPR/Cas9 therapeutics in vivo: advances and challenges,"Claim: The CRISPR/Cas9 system holds promise as a therapeutic platform for many human genetic diseases.
Stance: Support
Reason: It provides a flexible approach to high-fidelity gene editing.

Claim: Translation of the CRISPR/Cas9 system to in vivo application is challenging.
Stance: Neutral
Reason: The statement simply acknowledges the hurdles, without taking a stance.

Claim: Carrier vehicles for transient approaches to CRISPR/Cas9 delivery are needed to overcome challenges.
Stance: Support
Reason: The development of such vehicles is emphasized as necessary.",support,The revolution of clustered regularly interspaced short palindromic repeats -based therapies: From genetic diseases to cancer investigating how clustered regularly interspaced short palindromic repeats technology is being applied to treat genetic disorders and cancer,"Here is the extracted information:

Claim: CRISPR technology can revolutionize the treatment of genetic diseases and cancer.
Stance: Support
Reason: The abstract highlights the numerous promising applications and advancements in using CRISPR to treat various conditions.

Or, in a more concise version:

 Claim: CRISPR technology has therapeutic potential.
Stance: Support
Reason: It enables targeted genome editing with significant advancements.",support,0.7915,AGREEMENT,0.9,"Both claims assert the therapeutic potential and advantages of CRISPR/Cas9 technology, with only minor differences in emphasis",7.5
CRISPR-based gene therapy for the induction of fetal hemoglobin in sickle cell disease,"Here are the extracted points:

Claim: CRISPR/Cas9 gene editing can induce high levels of fetal hemoglobin in patients with sickle cell disease.
Stance: support
Reason: The text describes a successful treatment outcome with high efficacy and normalization of hemoglobin levels.

Claim: Gene therapy is likely to be unavailable to most people with severe sickle cell disease due to its technical imperatives and cost.
Stance: contradict (this one)
Reason: The text states that improved methods will lead to wider applicability, implying that gene therapy may not remain inaccessible.",support,"Revolutionary breakthrough: FDA approves CASGEVY, the first CRISPR/Cas9 gene therapy for sickle cell disease","Claim: The FDA has approved the first CRISPR/Cas9 gene therapy for sickle cell disease.
Stance: Support
Reason: Clinical trials showed it enables precise modifications in hematopoietic stem cells.

Claim: This therapy offers a curative approach and eliminates the need for recurrent transfusions and transplants.
Stance: Support
Reason: It resulted in elevated fetal hemoglobin levels and reduced vaso-occlusive events.

Claim: CRISPR technology has transformative impact and significant potential to shift SCD management paradigms.
Stance: Neutral (emphasizing positive but also acknowledging need for responsible application)
Reason: The text presents both optimistic outlook and warnings about ethical considerations.",support,0.8836,PARTIAL_AGREEMENT,0.8,"Claim A presents a potential solution for sickle cell disease using CRISPR/Cas9 gene editing, while Claim B reports the FDA approval of a specific CRISPR/Cas9 gene therapy, but both share a common goal of treating the disease.",5.75
CRISPR-Cas Systems in Targeted Drug Delivery and Gene Therapy: An Emerging Approach to Precision Medicine,"Here is the extracted information:

Claim: CRISPR-Cas systems can revolutionize targeted drug delivery and gene therapy.
Stance: Support
Reason: The abstract presents it as a transformative approach with significant promise for treating genetic disorders.",support,Delivery approaches for CRISPR/Cas9 therapeutics in vivo: advances and challenges,"Claim: The CRISPR/Cas9 system holds promise as a therapeutic platform for many human genetic diseases.
Stance: Support
Reason: It provides a flexible approach to high-fidelity gene editing.

Claim: Translation of the CRISPR/Cas9 system to in vivo application is challenging.
Stance: Neutral
Reason: The statement simply acknowledges the hurdles, without taking a stance.

Claim: Carrier vehicles for transient approaches to CRISPR/Cas9 delivery are needed to overcome challenges.
Stance: Support
Reason: The development of such vehicles is emphasized as necessary.",support,0.847,PARTIAL_AGREEMENT,0.8,"Claim A supports the transformative potential of CRISPR-Cas systems, while Claim B focuses on the challenges and limitations in translating the system to in vivo applications.",5.75
Therapeutic applications of CRISPR-Cas9 gene editing,"Claim: CRISPR-Cas9 gene editing has therapeutic applications.
Stance: Support
Reason: The FDA approved the first CRISPR therapy in late 2023.",support,Delivery approaches for CRISPR/Cas9 therapeutics in vivo: advances and challenges,"Claim: The CRISPR/Cas9 system holds promise as a therapeutic platform for many human genetic diseases.
Stance: Support
Reason: It provides a flexible approach to high-fidelity gene editing.

Claim: Translation of the CRISPR/Cas9 system to in vivo application is challenging.
Stance: Neutral
Reason: The statement simply acknowledges the hurdles, without taking a stance.

Claim: Carrier vehicles for transient approaches to CRISPR/Cas9 delivery are needed to overcome challenges.
Stance: Support
Reason: The development of such vehicles is emphasized as necessary.",support,0.8398,PARTIAL_AGREEMENT,0.8,"Claim A and Claim B both support the therapeutic applications of CRISPR-Cas9, but they highlight different aspects: Claim A focuses on FDA approval as evidence, while Claim B emphasizes the system's potential for high-fidelity gene editing.",7.5
CRISPR-Cas Systems in Targeted Drug Delivery and Gene Therapy: An Emerging Approach to Precision Medicine,"Here is the extracted information:

Claim: CRISPR-Cas systems can revolutionize targeted drug delivery and gene therapy.
Stance: Support
Reason: The abstract presents it as a transformative approach with significant promise for treating genetic disorders.",support,Precision in Action: The Role of Clustered Regularly Interspaced Short Palindromic Repeats/Cas in Gene Therapies,"Here is the extracted information:

1. Main claim: Clustered Regularly Interspaced Short Palindromic Repeat (CRISPR)-associated enzyme-CAS holds great promise for treating many human diseases.

2. Stance: Support
3. Reason: The text highlights CRISPR/Cas technology's potential to precisely correct harmful point mutations and disrupt disease-causing genes.",nan,0.8036,PARTIAL_AGREEMENT,0.8,"Both claims support the potential of CRISPR-Cas systems in gene therapy, but Claim A emphasizes its application in targeted drug delivery, which is not explicitly mentioned in Claim B.",4.0
Complex HBB gene editing outcomes revealed by a fluorescent reporter cell model.,"Claim: CRISPR-Cas9 gene editing generates diverse and potentially unsafe outcomes in addition to correcting the sickle mutation.
Stance: Support
Reason: The abstract states that Cas9 editing at HBB produces various undesirable outcomes, such as indels, large deletions, and loss of allele events.",support,CRISPR-based gene therapy for the induction of fetal hemoglobin in sickle cell disease,"Here are the extracted points:

Claim: CRISPR/Cas9 gene editing can induce high levels of fetal hemoglobin in patients with sickle cell disease.
Stance: support
Reason: The text describes a successful treatment outcome with high efficacy and normalization of hemoglobin levels.

Claim: Gene therapy is likely to be unavailable to most people with severe sickle cell disease due to its technical imperatives and cost.
Stance: contradict (this one)
Reason: The text states that improved methods will lead to wider applicability, implying that gene therapy may not remain inaccessible.",support,0.8007,PARTIAL_AGREEMENT,0.8,"Claim A highlights potential risks and complications of CRISPR-Cas9 gene editing, while Claim B presents a successful outcome with high efficacy, but does not address the issue of accessibility.",4.0
CRISPR-Cas Systems in Targeted Drug Delivery and Gene Therapy: An Emerging Approach to Precision Medicine,"Here is the extracted information:

Claim: CRISPR-Cas systems can revolutionize targeted drug delivery and gene therapy.
Stance: Support
Reason: The abstract presents it as a transformative approach with significant promise for treating genetic disorders.",support,Scientific Advancements in Gene Therapies: Opportunities for Global Regulatory Convergence,"Claim: Gene therapies need more equitable access globally.
Stance: Neutral
Reason: The abstract presents a summary of discussions at a workshop without taking a clear stance.

 Claim: CRISPR-based technologies have made significant progress in gene therapy.
Stance: Support
Reason: The text mentions ""breakthroughs"" in these technologies as an example of significant progress.",neutral,0.7994,PARTIAL_AGREEMENT,0.8,"Both claims A and C support the potential of CRISPR-based technologies in gene therapy, but claim B focuses on access issues rather than technological advancements.",4.0
CRISPR technology in human diseases,"Here are the extracted information:

Claim: Gene editing technology has great potential in treating a wide range of human diseases.
Stance: Support
Reason: The abstract highlights its therapeutic potential and application prospects in various human diseases.

Claim: CRISPR-based gene editing is a promising new strategy for gene therapy.
Stance: Support
Reason: The abstract describes it as ""capable of generating genetic modifications in somatic cells"" and having great application prospects.

Claim: Gene editing technology can be used to construct animal models of human diseases.
Stance: Neutral
Reason: This statement is more of a fact, describing an existing application of gene editing technology.",support,Scientific Advancements in Gene Therapies: Opportunities for Global Regulatory Convergence,"Claim: Gene therapies need more equitable access globally.
Stance: Neutral
Reason: The abstract presents a summary of discussions at a workshop without taking a clear stance.

 Claim: CRISPR-based technologies have made significant progress in gene therapy.
Stance: Support
Reason: The text mentions ""breakthroughs"" in these technologies as an example of significant progress.",neutral,0.788,PARTIAL_AGREEMENT,0.8,"Claim A supports gene editing technology's potential in treating human diseases, while Claim B focuses on equitable access to gene therapies without taking a stance on the technology itself",3.0
Five Years of Progress in CRISPR Clinical Trials (2019–2024),"Claim: CRISPR-based medicines have progressed significantly since 2019.
Stance: Support
Reason: Several CRISPR-based products have received regulatory approvals worldwide.",support,Scientific Advancements in Gene Therapies: Opportunities for Global Regulatory Convergence,"Claim: Gene therapies need more equitable access globally.
Stance: Neutral
Reason: The abstract presents a summary of discussions at a workshop without taking a clear stance.

 Claim: CRISPR-based technologies have made significant progress in gene therapy.
Stance: Support
Reason: The text mentions ""breakthroughs"" in these technologies as an example of significant progress.",neutral,0.7872,PARTIAL_AGREEMENT,0.8,"Claim A focuses on CRISPR-based medicines receiving regulatory approvals, while Claim B discusses the need for equitable access to gene therapies, both supporting the progress of gene therapy but addressing different aspects.",6.25
CRISPR technology in human diseases,"Here are the extracted information:

Claim: Gene editing technology has great potential in treating a wide range of human diseases.
Stance: Support
Reason: The abstract highlights its therapeutic potential and application prospects in various human diseases.

Claim: CRISPR-based gene editing is a promising new strategy for gene therapy.
Stance: Support
Reason: The abstract describes it as ""capable of generating genetic modifications in somatic cells"" and having great application prospects.

Claim: Gene editing technology can be used to construct animal models of human diseases.
Stance: Neutral
Reason: This statement is more of a fact, describing an existing application of gene editing technology.",support,EXPLORING THE POTENTIAL OF GENE THERAPY FOR INHERITED GENETIC DISORDERS,"1. Main claim: Gene therapy has therapeutic potential and is clinically viable.
Stance: Support
Reason: The results of the trials show long-term gene expression stability and clinical biomarkers increase consistently across trials.

2. Main claim: Gene editing tools need to be improved for wider use, safety, and ethical governance.
Stance: Neutral
Reason: This statement acknowledges both the benefits and limitations of gene therapy, recognizing the need for further development.

3. Main claim: Gene therapy is a revolutionary new development with potential to change genetic healthcare.
Stance: Support
Reason: The abstract describes it as ""a big change from traditional medicines"" and highlights its potential impact on treating inherited genetic illnesses.",support,0.7867,PARTIAL_AGREEMENT,0.8,"Claims A and B generally support each other, but Claim A focuses on the therapeutic potential of gene editing technology in treating a wide range of human diseases, whereas Claim B highlights its potential specifically for inherited genetic disorders and emphasizes the need for improved safety and governance.",3.0
